{"train/loss": 657.2494, "train/grad_norm": 224.0, "train/learning_rate": 6.000000000000001e-07, "train/epoch": 0.01, "train/global_step": 15, "_timestamp": 1710266034.3813138, "_runtime": 156.5002498626709, "_step": 14}