{"train/loss": 996.7274, "train/grad_norm": 5.875, "train/learning_rate": 4e-05, "train/epoch": 0.0, "train/global_step": 2, "_timestamp": 1711530342.0259743, "_runtime": 68.47696733474731, "_step": 1}