{"train/loss": 0.0, "train/grad_norm": NaN, "train/learning_rate": 1.6000000000000001e-06, "train/epoch": 0.0, "train/global_step": 4, "_timestamp": 1711857477.219587, "_runtime": 16.4568350315094, "_step": 3, "_wandb": {"runtime": 14}}