{"train/loss": 2085.5352, "train/grad_norm": 17.5, "train/learning_rate": 2.8e-05, "train/epoch": 0.0, "train/global_step": 1, "_timestamp": 1713419240.5517292, "_runtime": 26.329822301864624, "_step": 0}