{"train/loss": 422.1784, "train/grad_norm": 8.8125, "train/learning_rate": 0.0064, "train/epoch": 0.04, "train/global_step": 12, "_timestamp": 1710698048.9992876, "_runtime": 358.3005006313324, "_step": 11}