{"train/loss": 1382.4169, "train/grad_norm": 9.375, "train/learning_rate": 0.0017599999999999998, "train/epoch": 0.1, "train/global_step": 44, "_timestamp": 1711872785.713147, "_runtime": 1050.4995918273926, "_step": 43}