{"train/loss": 601.3604, "train/grad_norm": 89.5, "train/learning_rate": 1.92e-05, "train/epoch": 0.02, "train/global_step": 32, "_timestamp": 1710260276.5535975, "_runtime": 282.9322373867035, "_step": 31}