{"train/loss": 8084.9561, "train/grad_norm": 156.0, "train/learning_rate": 1.3333333333333336e-07, "train/epoch": 0.01, "train/global_step": 2, "_timestamp": 1710499941.2236025, "_runtime": 67.31859564781189, "_step": 1}