{"train/loss": 4.9519, "train/grad_norm": 0.11767578125, "train/learning_rate": 0.004984826693294874, "train/epoch": 0.79, "train/global_step": 250, "_timestamp": 1710684070.1908145, "_runtime": 7177.576385498047, "_step": 249}