{"train/loss": 10.3014, "train/grad_norm": 0.39453125, "train/learning_rate": 0.0, "train/epoch": 11.11, "train/global_step": 5000, "_timestamp": 1711802473.0640154, "_runtime": 77351.41583037376, "_step": 5010, "eval/loss": 9.857996940612793, "eval/runtime": 210.5618, "eval/samples_per_second": 7.599, "eval/steps_per_second": 0.237, "train/train_runtime": 77352.6801, "train/train_samples_per_second": 2.068, "train/train_steps_per_second": 0.065, "train/total_flos": 5.058115269172396e+18, "train/train_loss": 45.367487879276275, "_wandb": {"runtime": 77390}}