{"train/loss": 0.6784, "train/grad_norm": 0.00323486328125, "train/learning_rate": 0.0, "train/epoch": 9.2, "train/global_step": 1500, "_timestamp": 1709812243.017625, "_runtime": 34348.65098619461, "_step": 1530, "eval/loss": 0.6426955461502075, "eval/runtime": 95.9667, "eval/samples_per_second": 106.912, "eval/steps_per_second": 0.427, "train/train_runtime": 34349.8656, "train/train_samples_per_second": 22.358, "train/train_steps_per_second": 0.044, "train/total_flos": 2.6378861001939354e+18, "train/train_loss": 2.7311160264412564, "_wandb": {"runtime": 34370}}