{"train/loss": 653.3373, "train/grad_norm": 77.5, "train/learning_rate": 9e-07, "train/epoch": 0.01, "train/global_step": 9, "_timestamp": 1710303046.5378563, "_runtime": 97.6477632522583, "_step": 8}