{"train/loss": 12.9811, "train/grad_norm": 0.484375, "train/learning_rate": 0.0, "train/epoch": 12.27, "train/global_step": 2000, "_timestamp": 1708960787.8552995, "_runtime": 37338.650787591934, "_step": 100, "eval/loss": 12.79674243927002, "eval/runtime": 74.9233, "eval/samples_per_second": 136.94, "eval/steps_per_second": 0.547, "train/train_runtime": 37339.7742, "train/train_samples_per_second": 27.424, "train/train_steps_per_second": 0.054, "train/total_flos": 3.7338354108250194e+18, "train/train_loss": 14.35131378173828, "_wandb": {"runtime": 37358}}