{"train/loss": 40.5702, "train/grad_norm": 1.734375, "train/learning_rate": 0.0, "train/epoch": 3.0646644192460926, "train/global_step": 5000, "_timestamp": 1714978142.3639455, "_runtime": 84214.1161763668, "_step": 5010, "eval/loss": 35.29850769042969, "eval/runtime": 699.0203, "eval/samples_per_second": 4.149, "eval/steps_per_second": 0.26, "train_runtime": 84215.2648, "train_samples_per_second": 0.95, "train_steps_per_second": 0.059, "total_flos": 1.0019764615585464e+18, "train_loss": 127.93972733402252, "_wandb": {"runtime": 84242}}