{"train/loss": 16.9609, "train/grad_norm": 14.0, "train/learning_rate": 4.166666666666667e-05, "train/epoch": 0.01, "train/global_step": 100, "_timestamp": 1708745364.6925166, "_runtime": 227.91095161437988, "_step": 3, "_wandb": {"runtime": 232}}