{"train/loss": 2016.0985, "train/grad_norm": 11.4375, "train/learning_rate": 0.000112, "train/epoch": 0.0025396825396825397, "train/global_step": 4, "_timestamp": 1718177989.8766925, "_runtime": 88.5718195438385, "_step": 3}