{"train/loss": 3.3731, "train/grad_norm": 0.0546875, "train/learning_rate": 8.571428571428573e-05, "train/epoch": 0.01, "train/global_step": 3, "_timestamp": 1712113508.8033082, "_runtime": 88.60637021064758, "_step": 2}