{"train/loss": 3.9823, "train/grad_norm": 0.18359375, "train/learning_rate": 0.098, "train/epoch": 0.47, "train/global_step": 147, "_timestamp": 1710695341.457996, "_runtime": 4174.154007911682, "_step": 146}