{"train/loss": 0.0, "train/grad_norm": NaN, "train/learning_rate": 8.000000000000001e-07, "train/epoch": 0.0, "train/global_step": 2, "_timestamp": 1711854909.2588408, "_runtime": 25.651357889175415, "_step": 1, "_wandb": {"runtime": 34}}