{"train/loss": 155.4242, "train/grad_norm": 4.90625, "train/learning_rate": 0.006952264561909528, "train/epoch": 0.30646644192460926, "train/global_step": 500, "_timestamp": 1714887619.99422, "_runtime": 8293.117882013321, "_step": 500, "eval/loss": 135.79168701171875, "eval/runtime": 675.1731, "eval/samples_per_second": 4.295, "eval/steps_per_second": 0.27, "_wandb": {"runtime": 8292}}