{"train/loss": 17.0406, "train/grad_norm": 6.3125, "train/learning_rate": 0.00314, "train/epoch": 0.35, "train/global_step": 157, "_timestamp": 1712338053.4431102, "_runtime": 3844.1539483070374, "_step": 156}