{"train/loss": 0.0, "train/grad_norm": NaN, "train/learning_rate": 1.2000000000000001e-12, "train/epoch": 0.0, "train/global_step": 3, "_timestamp": 1711856607.892353, "_runtime": 22.0405330657959, "_step": 2, "_wandb": {"runtime": 20}}