{"train/loss": 84.8597, "train/grad_norm": 2.828125, "train/learning_rate": 0.012266666666666665, "train/epoch": 0.04, "train/global_step": 23, "_timestamp": 1710698500.5225139, "_runtime": 350.29083585739136, "_step": 22}