{"train/loss": 2079.0884, "train/grad_norm": 37.75, "train/learning_rate": 2.8e-05, "train/epoch": 0.0, "train/global_step": 1, "_timestamp": 1713421965.6279907, "_runtime": 28.477550745010376, "_step": 0}