{"train/loss": 20.6144, "train/grad_norm": 1.75, "train/learning_rate": 4.166666666666667e-05, "train/epoch": 0.02, "train/global_step": 100, "_timestamp": 1708744569.4771266, "_runtime": 105.80303359031677, "_step": 3, "_wandb": {"runtime": 104}}