{"train/loss": 0.0, "train/grad_norm": NaN, "train/learning_rate": 8.000000000000001e-12, "train/epoch": 0.0, "train/global_step": 4, "_timestamp": 1711855209.974167, "_runtime": 18.797887086868286, "_step": 3, "_wandb": {"runtime": 17}}