{"train/loss": 4.5403, "train/grad_norm": 0.130859375, "train/learning_rate": 0.04992772154822237, "train/epoch": 0.7, "train/global_step": 219, "_timestamp": 1710690425.4573572, "_runtime": 6276.801278114319, "_step": 218}