{"train/loss": 997.2853, "train/grad_norm": 7.5625, "train/learning_rate": 8e-05, "train/epoch": 0.0, "train/global_step": 2, "_timestamp": 1711704212.8326259, "_runtime": 33.203449964523315, "_step": 1, "_wandb": {"runtime": 41}}