{"train/loss": 31.6153, "train/grad_norm": 1.03125, "train/learning_rate": 0.0, "train/epoch": 3.1746031746031744, "train/global_step": 5000, "_timestamp": 1714453169.5938492, "_runtime": 55136.60932826996, "_step": 5010, "eval/loss": 27.869647979736328, "eval/runtime": 449.7102, "eval/samples_per_second": 6.226, "eval/steps_per_second": 0.389, "train_runtime": 55138.2365, "train_samples_per_second": 1.451, "train_steps_per_second": 0.091, "total_flos": 1.0054729124775199e+18, "train_loss": 115.0711408908844, "_wandb": {"runtime": 55155}}