{"train/loss": 7.2078, "train/grad_norm": 0.2109375, "train/learning_rate": 0.0, "train/epoch": 11.11, "train/global_step": 5000, "_timestamp": 1711667663.5477753, "_runtime": 76331.52069020271, "_step": 5010, "eval/loss": 7.412181377410889, "eval/runtime": 216.6456, "eval/samples_per_second": 7.385, "eval/steps_per_second": 0.231, "train/train_runtime": 76332.7278, "train/train_samples_per_second": 2.096, "train/train_steps_per_second": 0.066, "train/total_flos": 5.068867933707436e+18, "train/train_loss": 31.70621776599884, "_wandb": {"runtime": 76373}}