{"train/loss": 1513.335, "train/grad_norm": 15.9375, "train/learning_rate": 0.00012, "train/epoch": 0.0, "train/global_step": 3, "_timestamp": 1711709980.5475824, "_runtime": 48.52119040489197, "_step": 2}