{"train/loss": 99.7379, "train/grad_norm": 0.94921875, "train/learning_rate": 0.009466666666666667, "train/epoch": 0.28, "train/global_step": 142, "_timestamp": 1711505643.9669619, "_runtime": 2292.073173761368, "_step": 141}