{"train/loss": 8023.9521, "train/grad_norm": 165.0, "train/learning_rate": 6.000000000000001e-08, "train/epoch": 0.01, "train/global_step": 3, "_timestamp": 1710499737.6489282, "_runtime": 99.72782921791077, "_step": 2}