{"train/loss": 995.2049, "train/grad_norm": 6.3125, "train/learning_rate": 4e-05, "train/epoch": 0.0, "train/global_step": 2, "_timestamp": 1711530678.8306894, "_runtime": 51.638885498046875, "_step": 1}