{"train/loss": 2.5885, "train/grad_norm": 0.0238037109375, "train/learning_rate": 0.0, "train/epoch": 3.1746031746031744, "train/global_step": 5000, "_timestamp": 1714375649.289532, "_runtime": 82462.89438605309, "_step": 5010, "eval/loss": 2.8014047145843506, "eval/runtime": 665.0441, "eval/samples_per_second": 4.21, "eval/steps_per_second": 0.263, "train_runtime": 82464.8798, "train_samples_per_second": 0.97, "train_steps_per_second": 0.061, "total_flos": 1.0088153298512118e+18, "train_loss": 3.8698384219646456, "_wandb": {"runtime": 82483}}