{"train/loss": 0.0, "train/grad_norm": NaN, "train/learning_rate": 6.12e-05, "train/epoch": 0.02, "train/global_step": 153, "_timestamp": 1711858873.8993537, "_runtime": 242.43213367462158, "_step": 152}