{"train/loss": 42.3287, "train/grad_norm": 32.75, "train/learning_rate": 0.004166666666666667, "train/epoch": 0.31, "train/global_step": 50, "_timestamp": 1708961884.0115077, "_runtime": 878.1348416805267, "_step": 1}