{"train/loss": 23.6542, "train/grad_norm": 1.3203125, "train/learning_rate": 0.0019600000000000004, "train/epoch": 0.11, "train/global_step": 98, "_timestamp": 1712413120.8934517, "_runtime": 1575.2243077754974, "_step": 97}