{"train/loss": 30.4748, "train/grad_norm": 0.197265625, "train/learning_rate": 0.0012200000000000002, "train/epoch": 0.14, "train/global_step": 61, "_timestamp": 1712237407.9209468, "_runtime": 1468.611431837082, "_step": 60}