{"train/loss": 27.964, "train/grad_norm": 1.5546875, "train/learning_rate": 0.0, "train/epoch": 2.6143790849673203, "train/global_step": 5000, "_timestamp": 1714113998.8944705, "_runtime": 72398.87398147583, "_step": 5010, "eval/loss": 37.99806213378906, "eval/runtime": 501.4089, "eval/samples_per_second": 6.781, "eval/steps_per_second": 0.213, "train_runtime": 72400.2489, "train_samples_per_second": 1.105, "train_steps_per_second": 0.069, "total_flos": 6.39482671025619e+17, "train_loss": 123.27264657936097, "_wandb": {"runtime": 72418}}