{"train/loss": 0.0, "train/grad_norm": NaN, "train/learning_rate": 1.88e-05, "train/epoch": 0.01, "train/global_step": 47, "_timestamp": 1711857670.3428702, "_runtime": 79.21065330505371, "_step": 46}