{"train/loss": 3.5538, "train/grad_norm": 0.0537109375, "train/learning_rate": 0.00016, "train/epoch": 0.02, "train/global_step": 8, "_timestamp": 1712113909.2226236, "_runtime": 208.67840552330017, "_step": 7}