{"train/loss": 10.1788, "train/grad_norm": 1.1328125, "train/learning_rate": 0.0005200000000000001, "train/epoch": 0.03, "train/global_step": 26, "_timestamp": 1712410348.8890853, "_runtime": 355.1301124095917, "_step": 25}