{"train/loss": 6.3012, "train/grad_norm": 0.09521484375, "train/learning_rate": 0.0, "train/epoch": 1.18, "train/global_step": 3000, "_timestamp": 1711286872.9113188, "_runtime": 73469.04374289513, "_step": 3012, "eval/loss": 9.565446853637695, "eval/runtime": 1766.3851, "eval/samples_per_second": 23.903, "eval/steps_per_second": 0.374, "train/train_runtime": 73470.7518, "train/train_samples_per_second": 2.613, "train/train_steps_per_second": 0.041, "train/total_flos": 2.762795880833614e+18, "train/train_loss": 33.601996074358624, "_wandb": {"runtime": 73507}}