{"train/loss": 19.121, "train/grad_norm": 7.125, "train/learning_rate": 4.166666666666667e-05, "train/epoch": 0.01, "train/global_step": 100, "_timestamp": 1708708721.309785, "_runtime": 225.02709078788757, "_step": 3, "_wandb": {"runtime": 223}}