{"train/loss": 16.212, "train/grad_norm": 0.478515625, "train/learning_rate": 0.0, "train/epoch": 3.1746031746031744, "train/global_step": 5000, "_timestamp": 1715297040.580314, "_runtime": 77798.26483988762, "_step": 5010, "eval/loss": 22.699411392211914, "eval/runtime": 628.4873, "eval/samples_per_second": 4.455, "eval/steps_per_second": 0.278, "train_runtime": 77799.4285, "train_samples_per_second": 1.028, "train_steps_per_second": 0.064, "total_flos": 1.9064862889580954e+18, "train_loss": 107.86146163187027, "_wandb": {"runtime": 77838}}