{"train/loss": 21.2799, "train/grad_norm": 5.40625, "train/learning_rate": 0.0, "train/epoch": 3.1746031746031744, "train/global_step": 5000, "_timestamp": 1715387099.0852978, "_runtime": 81208.1874628067, "_step": 5010, "eval/loss": 33.60647201538086, "eval/runtime": 587.3823, "eval/samples_per_second": 4.767, "eval/steps_per_second": 0.298, "train_runtime": 81209.4305, "train_samples_per_second": 0.985, "train_steps_per_second": 0.062, "total_flos": 1.01771489116894e+18, "train_loss": 122.15594428997039, "_wandb": {"runtime": 81234}}