{"train/loss": 7.8245, "train/grad_norm": 0.640625, "train/learning_rate": 0.00024, "train/epoch": 0.03, "train/global_step": 12, "_timestamp": 1712369819.8064847, "_runtime": 336.8857886791229, "_step": 11}