{"train/loss": 39.0419, "train/grad_norm": 62.0, "train/learning_rate": 4.166666666666667e-05, "train/epoch": 0.02, "train/global_step": 100, "_timestamp": 1708710805.8533263, "_runtime": 106.15021920204163, "_step": 3, "_wandb": {"runtime": 104}}