{"train/loss": 2.7443, "train/grad_norm": 0.0888671875, "train/learning_rate": 0.0, "train/epoch": 1.19, "train/global_step": 1500, "_timestamp": 1710710805.4479392, "_runtime": 11602.390767097473, "_step": 1506, "eval/loss": 6.046756267547607, "eval/runtime": 454.2494, "eval/samples_per_second": 44.337, "eval/steps_per_second": 0.693, "train/train_runtime": 11603.9932, "train/train_samples_per_second": 8.273, "train/train_steps_per_second": 0.129, "train/total_flos": 5.5131325737834906e+17, "train/train_loss": 22.060537554661433, "_wandb": {"runtime": 11641}}