{"train/loss": 54.8602, "train/grad_norm": 45.5, "train/learning_rate": 4.166666666666667e-05, "train/epoch": 0.02, "train/global_step": 100, "_timestamp": 1708711800.0255077, "_runtime": 105.74505066871643, "_step": 3, "_wandb": {"runtime": 104}}