{"train/loss": 2114.2773, "train/grad_norm": 22.875, "train/learning_rate": 0.00016800000000000002, "train/epoch": 0.0, "train/global_step": 6, "_timestamp": 1713421544.2873375, "_runtime": 130.33995056152344, "_step": 5}