{"train/loss": 1173.2336, "train/grad_norm": 9.0625, "train/learning_rate": 0.0038640000000000002, "train/epoch": 0.07215686274509804, "train/global_step": 138, "_timestamp": 1714015006.8389552, "_runtime": 3027.3508200645447, "_step": 137}