{"train/loss": 12.3248, "train/grad_norm": 0.06787109375, "train/learning_rate": 0.00022, "train/epoch": 0.02, "train/global_step": 11, "_timestamp": 1712235107.761885, "_runtime": 266.0368139743805, "_step": 10}