{"train/loss": 41.2456, "train/grad_norm": 1.6640625, "train/learning_rate": 0.0, "train/epoch": 4.04, "train/global_step": 5000, "_timestamp": 1713101819.560798, "_runtime": 123521.46796989441, "_step": 5010, "eval/loss": 30.775554656982422, "eval/runtime": 612.6867, "eval/samples_per_second": 3.591, "eval/steps_per_second": 0.113, "train/train_runtime": 123522.7881, "train/train_samples_per_second": 0.648, "train/train_steps_per_second": 0.04, "train/total_flos": 1.5905541094784369e+18, "train/train_loss": 115.1306587928772, "_wandb": {"runtime": 123569}}