{"train/loss": 8.6751, "train/grad_norm": 2.703125, "train/learning_rate": 0.00016, "train/epoch": 0.02, "train/global_step": 8, "_timestamp": 1712334066.115727, "_runtime": 205.05589890480042, "_step": 7}