{"train/loss": 50.8744, "train/grad_norm": 34.75, "train/learning_rate": 0.0004166666666666667, "train/epoch": 0.31, "train/global_step": 50, "_timestamp": 1708923179.3868363, "_runtime": 886.3764402866364, "_step": 1}