{"train/loss": 78.3301, "train/grad_norm": 4.09375, "train/learning_rate": 0.0, "train/epoch": 3.17, "train/global_step": 5000, "_timestamp": 1713785675.4159255, "_runtime": 111850.55159759521, "_step": 5010, "eval/loss": 38.12120056152344, "eval/runtime": 966.4257, "eval/samples_per_second": 2.897, "eval/steps_per_second": 0.091, "train/train_runtime": 111851.845, "train/train_samples_per_second": 0.715, "train/train_steps_per_second": 0.045, "train/total_flos": 1.9175255433312993e+18, "train/train_loss": 125.6023980682373, "_wandb": {"runtime": 111886}}