{"train/loss": 789.4111, "train/grad_norm": 15.125, "train/learning_rate": 0.0023333333333333335, "train/epoch": 0.02, "train/global_step": 7, "_timestamp": 1710661067.8558211, "_runtime": 214.2731351852417, "_step": 6}