{"train/loss": 26.3169, "train/grad_norm": 1.2890625, "train/learning_rate": 0.0, "train/epoch": 4.68, "train/global_step": 5000, "_timestamp": 1712924678.7767122, "_runtime": 90393.31229114532, "_step": 5010, "eval/loss": 24.17448616027832, "eval/runtime": 598.4699, "eval/samples_per_second": 3.175, "eval/steps_per_second": 0.1, "train/train_runtime": 90394.7611, "train/train_samples_per_second": 0.885, "train/train_steps_per_second": 0.055, "train/total_flos": 1.6816991308433326e+18, "train/train_loss": 102.27598745193481, "_wandb": {"runtime": 90439}}