{"train/loss": 5.1324, "train/grad_norm": 0.1298828125, "train/learning_rate": 1.3333333333333333e-05, "train/epoch": 0.01, "train/global_step": 30, "_timestamp": 1709459486.1617956, "_runtime": 146.05310654640198, "_step": 29}