{"train/loss": 2.5345, "train/grad_norm": 0.052001953125, "train/learning_rate": 0.0, "train/epoch": 4.04, "train/global_step": 5000, "_timestamp": 1713199587.3198578, "_runtime": 97362.74967885017, "_step": 5010, "eval/loss": 2.484454870223999, "eval/runtime": 572.2166, "eval/samples_per_second": 3.845, "eval/steps_per_second": 0.121, "train/train_runtime": 97364.5412, "train/train_samples_per_second": 0.822, "train/train_steps_per_second": 0.051, "train/total_flos": 1.585068907113218e+18, "train/train_loss": 3.575136187148094, "_wandb": {"runtime": 97406}}