{"train/loss": 23.2966, "train/grad_norm": 0.220703125, "train/learning_rate": 2.8e-05, "train/epoch": 0.0, "train/global_step": 1, "_timestamp": 1713417623.3323646, "_runtime": 32.693318605422974, "_step": 0}