{"train/loss": 639.4188, "train/grad_norm": 108.0, "train/learning_rate": 1.3e-06, "train/epoch": 0.01, "train/global_step": 13, "_timestamp": 1710303281.1154501, "_runtime": 123.91242218017578, "_step": 12}