{"train/loss": 1.0326, "train/grad_norm": 4.315376281738281e-05, "train/learning_rate": 0.024865052517302394, "train/epoch": 4.75, "train/global_step": 775, "_timestamp": 1709448609.2185109, "_runtime": 14597.650975942612, "_step": 37, "eval/loss": 1.0395314693450928, "eval/runtime": 74.8143, "eval/samples_per_second": 137.14, "eval/steps_per_second": 0.548, "_wandb": {"runtime": 14748}}