{"train/loss": 19.3376, "train/grad_norm": 0.75, "train/learning_rate": 0.0, "train/epoch": 4.68, "train/global_step": 5000, "_timestamp": 1712814897.6783664, "_runtime": 81208.79094338417, "_step": 5010, "eval/loss": 21.945987701416016, "eval/runtime": 494.375, "eval/samples_per_second": 3.843, "eval/steps_per_second": 0.121, "train/train_runtime": 81210.1709, "train/train_samples_per_second": 0.985, "train/train_steps_per_second": 0.062, "train/total_flos": 1.7226921298572083e+18, "train/train_loss": 99.46707966175079, "_wandb": {"runtime": 81250}}