{"train/loss": 3.4824, "train/grad_norm": 0.0286865234375, "train/learning_rate": 0.0, "train/epoch": 4.68, "train/global_step": 5000, "_timestamp": 1712661011.485064, "_runtime": 66904.92964601517, "_step": 5010, "eval/loss": 4.00291109085083, "eval/runtime": 349.2067, "eval/samples_per_second": 5.441, "eval/steps_per_second": 0.172, "train/train_runtime": 66906.0968, "train/train_samples_per_second": 1.196, "train/train_steps_per_second": 0.075, "train/total_flos": 1.719482662973866e+18, "train/train_loss": 7.203168699216842, "_wandb": {"runtime": 66944}}