{"train/loss": 1801.8765, "train/grad_norm": 684.0, "train/learning_rate": 0.0006000000000000001, "train/epoch": 0.07, "train/global_step": 30, "_timestamp": 1712333762.0869708, "_runtime": 888.9852619171143, "_step": 29}