{"train/loss": 24.3499, "train/grad_norm": 6.4375, "train/learning_rate": 4.561641325770788e-05, "train/epoch": 1.74, "train/global_step": 2318, "_timestamp": 1710341305.638624, "_runtime": 27152.101673841476, "_step": 2326, "eval/loss": 26.278152465820312, "eval/runtime": 366.3633, "eval/samples_per_second": 58.314, "eval/steps_per_second": 0.912}