{"train/loss": 8.1636, "train/grad_norm": 0.11962890625, "train/learning_rate": 0.0, "train/epoch": 4.68, "train/global_step": 5000, "_timestamp": 1712732935.8601868, "_runtime": 64273.701994895935, "_step": 5010, "eval/loss": 7.093500137329102, "eval/runtime": 348.0426, "eval/samples_per_second": 5.459, "eval/steps_per_second": 0.172, "train/train_runtime": 64275.0658, "train/train_samples_per_second": 1.245, "train/train_steps_per_second": 0.078, "train/total_flos": 1.7217074199034593e+18, "train/train_loss": 20.836924065494536, "_wandb": {"runtime": 64313}}