{"train/loss": 8.6839, "train/grad_norm": 1.1171875, "train/learning_rate": 2e-05, "train/epoch": 0.0, "train/global_step": 1, "_timestamp": 1712370123.4430008, "_runtime": 44.15225386619568, "_step": 0}