{"train/loss": 5.0885, "train/grad_norm": 8.1875, "train/learning_rate": 0.006989165214957952, "train/epoch": 2.617021276595745, "train/global_step": 369, "_timestamp": 1713893108.847306, "_runtime": 2300.968568086624, "_step": 368}