{"train/loss": 12.64, "train/grad_norm": 0.8984375, "train/learning_rate": 0.0, "train/epoch": 12.27, "train/global_step": 2000, "_timestamp": 1709035334.5753863, "_runtime": 37946.07578539848, "_step": 100, "eval/loss": 12.644159317016602, "eval/runtime": 74.7137, "eval/samples_per_second": 137.324, "eval/steps_per_second": 0.549, "train/train_runtime": 37947.3577, "train/train_samples_per_second": 26.985, "train/train_steps_per_second": 0.053, "train/total_flos": 3.7342605868175196e+18, "train/train_loss": 14.005801986694335, "_wandb": {"runtime": 37966}}