{"train/loss": 2103.4199, "train/grad_norm": 16.0, "train/learning_rate": 0.000252, "train/epoch": 0.01, "train/global_step": 9, "_timestamp": 1713417999.2518153, "_runtime": 193.8406994342804, "_step": 8}