{"train/loss": 2094.8643, "train/grad_norm": 19.75, "train/learning_rate": 0.00016800000000000002, "train/epoch": 0.0, "train/global_step": 6, "_timestamp": 1713422649.0149672, "_runtime": 144.46948218345642, "_step": 5}