{"train/loss": 850.0864, "train/grad_norm": 17.5, "train/learning_rate": 5.6e-05, "train/epoch": 0.014184397163120567, "train/global_step": 2, "_timestamp": 1713890217.187012, "_runtime": 19.082637071609497, "_step": 1}