{"train/loss": 22.4637, "train/grad_norm": 60.0, "train/learning_rate": 0.0, "train/epoch": 3.1746031746031744, "train/global_step": 5000, "_timestamp": 1714257640.0427358, "_runtime": 81657.72117972374, "_step": 5010, "eval/loss": 34.682621002197266, "eval/runtime": 635.2913, "eval/samples_per_second": 4.407, "eval/steps_per_second": 0.275, "train_runtime": 81659.1716, "train_samples_per_second": 0.98, "train_steps_per_second": 0.061, "total_flos": 1.0139767722506977e+18, "train_loss": 124.53378042125702, "_wandb": {"runtime": 81675}}