{"train/loss": 21.0786, "train/grad_norm": 0.345703125, "train/learning_rate": 0.009888434282076758, "train/epoch": 0.13, "train/global_step": 171, "_timestamp": 1711213038.0015962, "_runtime": 6504.434022188187, "_step": 170}