{"train/loss": 12.202, "train/grad_norm": 45.75, "train/learning_rate": 0.008114285714285715, "train/epoch": 0.63, "train/global_step": 284, "_timestamp": 1711879778.8487651, "_runtime": 6833.796483039856, "_step": 283}