{"train/loss": 18.3244, "train/grad_norm": 41.0, "train/learning_rate": 0.0, "train/epoch": 3.1746031746031744, "train/global_step": 5000, "_timestamp": 1715501537.7215974, "_runtime": 110713.51644849777, "_step": 5010, "eval/loss": 30.35361671447754, "eval/runtime": 924.9229, "eval/samples_per_second": 3.027, "eval/steps_per_second": 0.189, "train_runtime": 110714.6869, "train_samples_per_second": 0.723, "train_steps_per_second": 0.045, "total_flos": 1.8917740133576868e+18, "train_loss": 118.0705327632904, "_wandb": {"runtime": 110751}}