{"train/loss": 0.0, "train/grad_norm": NaN, "train/learning_rate": 2.0000000000000003e-06, "train/epoch": 0.0, "train/global_step": 5, "_timestamp": 1711858253.075397, "_runtime": 38.728445053100586, "_step": 4}