{"train/loss": 1.375, "train/grad_norm": 0.0027313232421875, "train/learning_rate": 0.0, "train/epoch": 9.2, "train/global_step": 1500, "_timestamp": 1709491465.5153296, "_runtime": 31809.020622491837, "_step": 1530, "eval/loss": 1.490883469581604, "eval/runtime": 80.9833, "eval/samples_per_second": 126.693, "eval/steps_per_second": 0.506, "train/train_runtime": 31810.2016, "train/train_samples_per_second": 24.143, "train/train_steps_per_second": 0.047, "train/total_flos": 2.801919594913071e+18, "train/train_loss": 3.3340535639127094, "_wandb": {"runtime": 31823}}