{"train/loss": 864.1952, "train/grad_norm": 22.5, "train/learning_rate": 5.6e-05, "train/epoch": 0.014184397163120567, "train/global_step": 2, "_timestamp": 1713889871.1787794, "_runtime": 23.16869330406189, "_step": 1, "_wandb": {"runtime": 23}}