{"train/loss": 229.5502, "train/grad_norm": 217.0, "train/learning_rate": 0.006666666666666667, "train/epoch": 0.01, "train/global_step": 6, "_timestamp": 1710176244.6801744, "_runtime": 51.37086224555969, "_step": 5}