{"train/loss": 6.9228, "train/grad_norm": 0.3828125, "train/learning_rate": 0.0011200000000000001, "train/epoch": 0.06, "train/global_step": 56, "_timestamp": 1712411318.3483267, "_runtime": 825.9974095821381, "_step": 55}