{"train/loss": 1480.0958, "train/grad_norm": 11.0, "train/learning_rate": 4e-05, "train/epoch": 0.0, "train/global_step": 1, "_timestamp": 1711871611.0087845, "_runtime": 32.085108518600464, "_step": 0}