{"train/loss": 4.6761, "train/grad_norm": 0.10498046875, "train/learning_rate": 0.0512, "train/epoch": 0.2, "train/global_step": 64, "_timestamp": 1710697587.208168, "_runtime": 1825.8840520381927, "_step": 63}