{"train/loss": 11.1646, "train/grad_norm": 0.546875, "train/learning_rate": 0.009972030340333001, "train/epoch": 0.23, "train/global_step": 123, "_timestamp": 1710730964.0278122, "_runtime": 1327.2814061641693, "_step": 122}