{"train/loss": 150.4946, "train/grad_norm": 1.34375, "train/learning_rate": 0.00016, "train/epoch": 0.0, "train/global_step": 4, "_timestamp": 1711871383.4403, "_runtime": 90.90648102760315, "_step": 3, "_wandb": {"runtime": 101}}