{"train/loss": 40.5675, "train/grad_norm": 0.46484375, "train/learning_rate": 8e-05, "train/epoch": 0.0, "train/global_step": 4, "_timestamp": 1712506262.5475314, "_runtime": 75.03706431388855, "_step": 3}