{"train/loss": 1.7907, "train/grad_norm": 0.0098876953125, "train/learning_rate": 0.0, "train/epoch": 15.56, "train/global_step": 7000, "_timestamp": 1712057193.5884874, "_runtime": 177298.62918233871, "_step": 7014, "eval/loss": 1.8187450170516968, "eval/runtime": 403.7884, "eval/samples_per_second": 3.962, "eval/steps_per_second": 0.124, "train/train_runtime": 177299.9481, "train/train_samples_per_second": 1.263, "train/train_steps_per_second": 0.039, "train/total_flos": 7.117363583704367e+18, "train/train_loss": 2.2777703311783926, "_wandb": {"runtime": 177334}}