{"train/loss": 2.8315, "train/grad_norm": 0.1416015625, "train/learning_rate": 0.00030000000000000003, "train/epoch": 0.02, "train/global_step": 15, "_timestamp": 1712409889.3533762, "_runtime": 225.68358707427979, "_step": 14}