{"train/loss": 7.9799, "train/grad_norm": 0.5078125, "train/learning_rate": 0.00026000000000000003, "train/epoch": 0.01, "train/global_step": 13, "_timestamp": 1712371134.2823389, "_runtime": 259.85650396347046, "_step": 12}