{"train/loss": 12.1812, "train/grad_norm": 0.07470703125, "train/learning_rate": 0.00028000000000000003, "train/epoch": 0.03, "train/global_step": 14, "_timestamp": 1712235617.6876473, "_runtime": 367.3809814453125, "_step": 13}