{"train/loss": 0.5455, "train/grad_norm": 0.0022735595703125, "train/learning_rate": 0.0, "train/epoch": 9.2, "train/global_step": 1500, "_timestamp": 1709764082.7278574, "_runtime": 32203.197546243668, "_step": 1530, "eval/loss": 0.48728451132774353, "eval/runtime": 85.9787, "eval/samples_per_second": 119.332, "eval/steps_per_second": 0.477, "train/train_runtime": 32204.3941, "train/train_samples_per_second": 23.848, "train/train_steps_per_second": 0.047, "train/total_flos": 2.799939118518239e+18, "train/train_loss": 2.589088391363621, "_wandb": {"runtime": 32221}}