{"train/loss": 23.809, "train/grad_norm": 0.72265625, "train/learning_rate": 4.166666666666667e-05, "train/epoch": 0.02, "train/global_step": 100, "_timestamp": 1708711390.4595852, "_runtime": 110.44799327850342, "_step": 3, "_wandb": {"runtime": 105}}