{"train/loss": 781.3989, "train/grad_norm": 11.1875, "train/learning_rate": 0.0021333333333333334, "train/epoch": 0.01, "train/global_step": 4, "_timestamp": 1710699080.0060139, "_runtime": 106.24502277374268, "_step": 3}