{"train/loss": 60.0801, "train/grad_norm": 33.75, "train/learning_rate": 4.166666666666667e-05, "train/epoch": 0.31, "train/global_step": 100, "_timestamp": 1708782020.52179, "_runtime": 879.0446569919586, "_step": 3}