{"train/loss": 0.0, "train/grad_norm": NaN, "train/learning_rate": 3.2000000000000003e-06, "train/epoch": 0.0, "train/global_step": 8, "_timestamp": 1711857909.331035, "_runtime": 50.624653816223145, "_step": 7}