{"train/loss": 29.4608, "train/grad_norm": 1.3203125, "train/learning_rate": 0.0, "train/epoch": 3.17, "train/global_step": 5000, "_timestamp": 1713536417.8405504, "_runtime": 112551.52120637894, "_step": 5010, "eval/loss": 33.33871841430664, "eval/runtime": 924.7687, "eval/samples_per_second": 3.028, "eval/steps_per_second": 0.095, "train/train_runtime": 112552.8199, "train/train_samples_per_second": 0.711, "train/train_steps_per_second": 0.044, "train/total_flos": 1.927606411487871e+18, "train/train_loss": 131.93300504112244, "_wandb": {"runtime": 112609}}