{"train/loss": 2.6928, "train/grad_norm": 0.05078125, "train/learning_rate": 8e-05, "train/epoch": 0.0, "train/global_step": 4, "_timestamp": 1713200637.7892542, "_runtime": 78.36815428733826, "_step": 3}