{"train/loss": 16.7948, "train/grad_norm": 8.125, "train/learning_rate": 0.0, "train/epoch": 6.349206349206349, "train/global_step": 5000, "_timestamp": 1718332167.9019842, "_runtime": 89637.93249726295, "_step": 5010, "eval/loss": 17.48978042602539, "eval/runtime": 406.3362, "eval/samples_per_second": 6.891, "eval/steps_per_second": 0.217, "train_runtime": 89639.3744, "train_samples_per_second": 1.785, "train_steps_per_second": 0.056, "total_flos": 1.014431018330882e+18, "train_loss": 70.77398354530334, "_wandb": {"runtime": 89660}}