{"train/loss": 718.0024, "train/grad_norm": 15.8125, "train/learning_rate": 0.002666666666666667, "train/epoch": 0.03, "train/global_step": 8, "_timestamp": 1710691017.077645, "_runtime": 242.60575008392334, "_step": 7}