{"train/loss": 1.07, "train/grad_norm": 0.0003681182861328125, "train/learning_rate": 0.0, "train/epoch": 9.2, "train/global_step": 1500, "_timestamp": 1709421979.2144575, "_runtime": 28410.473167419434, "_step": 75, "eval/loss": 1.0844124555587769, "eval/runtime": 73.9389, "eval/samples_per_second": 138.763, "eval/steps_per_second": 0.555, "train/train_runtime": 28411.7987, "train/train_samples_per_second": 27.031, "train/train_steps_per_second": 0.053, "train/total_flos": 2.8001043967786353e+18, "train/train_loss": 1.0795136833190917, "_wandb": {"runtime": 28428}}