{"train/loss": 1.8989, "train/grad_norm": 1.46875, "train/learning_rate": 1.9863613034027224e-05, "train/epoch": 1.12, "train/global_step": 1500, "_timestamp": 1710283840.7042887, "_runtime": 17642.11904668808, "_step": 1505, "eval/loss": 1.9193035364151, "eval/runtime": 366.9504, "eval/samples_per_second": 58.22, "eval/steps_per_second": 0.91}