{"train/loss": 25.087, "train/grad_norm": 1.4921875, "train/learning_rate": 0.0, "train/epoch": 3.17, "train/global_step": 5000, "_timestamp": 1713649496.6813087, "_runtime": 111420.16711568832, "_step": 5010, "eval/loss": 31.661758422851562, "eval/runtime": 954.4298, "eval/samples_per_second": 2.934, "eval/steps_per_second": 0.092, "train/train_runtime": 111421.6357, "train/train_samples_per_second": 0.718, "train/train_steps_per_second": 0.045, "train/total_flos": 1.9354430147804529e+18, "train/train_loss": 121.9345120092392, "_wandb": {"runtime": 111455}}