{"train/loss": 25.1445, "train/grad_norm": 1.359375, "train/learning_rate": 0.023466666666666667, "train/epoch": 0.03, "train/global_step": 44, "_timestamp": 1710698882.7277772, "_runtime": 289.37720227241516, "_step": 43}