{"train/loss": 29.1139, "train/grad_norm": 1.2421875, "train/learning_rate": 0.0, "train/epoch": 3.1746031746031744, "train/global_step": 5000, "_timestamp": 1715191409.5721996, "_runtime": 56045.03400349617, "_step": 5010, "eval/loss": 26.678504943847656, "eval/runtime": 435.8447, "eval/samples_per_second": 6.424, "eval/steps_per_second": 0.402, "train_runtime": 56050.4313, "train_samples_per_second": 1.427, "train_steps_per_second": 0.089, "total_flos": 1.0141930675964477e+18, "train_loss": 114.10962403297424, "_wandb": {"runtime": 56071}}